comment,7212,34235455,"Pavel Ananievich",Pavel@gmail.com,"And here's the end","Here is some text"
comment,9145312,45557576,"Maxim Dladislavovich",Maxim@gmail.com,"But I have to create some","Here is some text"
comment,6452121,45557576,"Maxim Dladislavovich",Maxim@gmail.com,"Don't I","Here is some text"
comment,87632112,45557576,"Maxim Dladislavovich",Maxim@gmail.com,"No one does","Here is some text"
comment,223176,45557576,"Maxim Dladislavovich",Maxim@gmail.com,"So close to the end of comments","Here is some text"
comment,1233312,343676,"Artemiy Vladimirovich",Artemiy@gmail.com,"The best title ever, isn't it??","Here is some text"
comment,646312,343676,"Artemiy Vladimirovich",Artemiy@gmail.com,"What title is?","Here is some text"
comment,452343312,343676,"Artemiy Vladimirovich",Artemiy@gmail.com,"Who cares about titles","Here is some text"
comment,1233312,343676,"Artemiy Vladimirovich",Artemiy@gmail.com,"The best title ever, isn't it??","Here is some text"
comment,646312,343676,"Artemiy Vladimirovich",Artemiy@gmail.com,"What title is?","Here is some text"
comment,452343312,343676,"Artemiy Vladimirovich",Artemiy@gmail.com,"Who cares about titles","Here is some text"
comment,87632112,45557576,"Maxim Dladislavovich",Maxim@gmail.com,"No one does","Here is some text"
comment,9145312,45557576,"Maxim Dladislavovich",Maxim@gmail.com,"But I have to create some","Here is some text"
comment,6452121,45557576,"Maxim Dladislavovich",Maxim@gmail.com,"Don't I","Here is some text"
comment,223176,45557576,"Maxim Dladislavovich",Maxim@gmail.com,"So close to the end of comments","Here is some text"
comment,7212,34235455,"Pavel Ananievich",Pavel@gmail.com,"And here's the end","Here is some text"
comment,7212,34235455,"Pavel Ananievich",Pavel@gmail.com,"And here's the end","Here is some text"
comment,1233312,343676,"Artemiy Vladimirovich",Artemiy@gmail.com,"The best title ever, isn't it??","Here is some text"
comment,646312,343676,"Artemiy Vladimirovich",Artemiy@gmail.com,"What title is?","Here is some text"
comment,452343312,343676,"Artemiy Vladimirovich",Artemiy@gmail.com,"Who cares about titles","Here is some text"
comment,87632112,45557576,"Maxim Dladislavovich",Maxim@gmail.com,"No one does","Here is some text"
comment,9145312,45557576,"Maxim Dladislavovich",Maxim@gmail.com,"But I have to create some","Here is some text"
comment,6452121,45557576,"Maxim Dladislavovich",Maxim@gmail.com,"Don't I","Here is some text"
comment,223176,45557576,"Maxim Dladislavovich",Maxim@gmail.com,"So close to the end of comments","Here is some text"
